/* Populando CATEGORIA */
INSERT INTO CATEGORIA (ID, NOME) VALUES (1, 'Informática');
INSERT INTO CATEGORIA (ID, NOME) VALUES (2, 'Escritório');
/* Populando PRODUTO */
INSERT INTO PRODUTO (ID, NOME, PRECO) VALUES (1, 'Computador', 2000.00);
INSERT INTO PRODUTO (ID, NOME, PRECO) VALUES (2, 'Impressora', 800.00);
INSERT INTO PRODUTO (ID, NOME, PRECO) VALUES (3, 'Mouse', 80.00);
/* Populando PRODUTO_CATEGORIA */
INSERT INTO PRODUTO_CATEGORIA (PRODUTO_ID, CATEGORIA_ID) VALUES (1, 1);
INSERT INTO PRODUTO_CATEGORIA (PRODUTO_ID, CATEGORIA_ID) VALUES (2, 1);
INSERT INTO PRODUTO_CATEGORIA (PRODUTO_ID, CATEGORIA_ID) VALUES (3, 1);
INSERT INTO PRODUTO_CATEGORIA (PRODUTO_ID, CATEGORIA_ID) VALUES (2, 2);
/* Populando ESTADO */
INSERT INTO ESTADO (ID, NOME) VALUES (1, 'Minas Gerais');
INSERT INTO ESTADO (ID, NOME) VALUES (2, 'São Paulo');
/* Populando CIDADE */
INSERT INTO CIDADE (ID, NOME, ESTADO_ID) VALUES (1, 'Uberlândia', 1);
INSERT INTO CIDADE (ID, NOME, ESTADO_ID) VALUES (2, 'São Paulo', 2);
INSERT INTO CIDADE (ID, NOME, ESTADO_ID) VALUES (3, 'Campinas', 2);
/* Populando CLIENTE */
INSERT INTO CLIENTE (ID, NOME, EMAIL, CPF_OU_CNPJ, TIPO) VALUES (1, 'Maria Silva', 'maria@gmail.com', '36378912377', '1');
INSERT INTO CLIENTE (ID, NOME, EMAIL, CPF_OU_CNPJ, TIPO) VALUES (2, 'Jheorgenes Warlley', 'jheorgenes@gmail.com', '12345678910', '1');
/* Populando TELEFONE */
INSERT INTO TELEFONE (CLIENTE_ID, TELEFONES) VALUES (1, '27363323');
INSERT INTO TELEFONE (CLIENTE_ID, TELEFONES) VALUES (1, '93838393');
/* Populando ENDERECO */
INSERT INTO ENDERECO (ID, LOGRADOURO, NUMERO, COMPLEMENTO, BAIRRO, CEP, CLIENTE_ID, CIDADE_ID) VALUES (1, 'Rua Flores', '300', 'Apartamento 303', 'Jardim', '38220834', '1', '1');
INSERT INTO ENDERECO (ID, LOGRADOURO, NUMERO, COMPLEMENTO, BAIRRO, CEP, CLIENTE_ID, CIDADE_ID) VALUES (2, 'Avenida Matos', '105', 'Sala 800', 'Centro', '38777012', '1', '2');
/* Populando  */

